,title,category
0,거세지는   압박 속   이달 말 정치참여 선언 ,Politics
1,진중권  이준석  당대표 당선 일러 좀 더 경륜 쌓아야 영끌 인터뷰,Politics
2,윤석열  이달 말  대권 도전  선언할 듯 여의도에 공유오피스   종합 ,Politics
3,외교부  열린 자세로 임했다 올림픽 불참 검토 없다 ,Politics
4,지지율 하락 스가  의도적 무시 한국은 아웃리치 ,Politics
5,이준석  이재명에 반박  민주당 테러방지법 반대는 테러 옹호  바보같은 공격 ,Politics
6,전광훈  젖비린내 이준석  외국서 주워듣고 자전거 출근 ,Politics
7, 주간정치  영남의 선택은  변화 ,Politics
8, 이준석 효과 올라타자  지방선거 준비 청년 여성  잰걸음 ,Politics
9, 백신 세일즈  나선   대통령   한국에 큐어백 생산 시설 만들어 달라 ,Politics
10,김주하 앵커가 전하는  월  일 종합뉴스 주요뉴스,Politics
11, 단독  대책 법안 일부 소위 통과 공공재개발 재건축 법안  보류 ,Politics
12,   이준석  월 대선경선  시간표와 다르지 않다   말 초 정치 선언,Politics
13,윤석열  월까지 입당 염두 두고  여론 보고 있다 ,Politics
14,내일  월 국회 시작 송영길 이준석 협치 첫 시험대,Politics
15, 탈북 인권가  박연미   대학 공개 비판 도 이 정도론 안미쳤다 ,Politics
16,윤석열  말 초  대권 도전 선언 유력  대선 시계 빨리 돈다,Politics
17,이종석  북핵 포기시키려면 한미훈련 중단 결단해야 ,Politics
18,이재명  이준석 첫 견제  수술실 CCTV 도입 유보 입장  실망 ,Politics
19,추미애  윤석열  다양한 검증대에 오르면 허상 드러날 것 ,Politics
20,민주당 초선   대선 경선 연기  논의 흥행 vs 원칙 썰전 라이브,Politics
21,  벽에 막힌 이재명 개월째 지지율 박스권,Politics
22,김근식  민경욱 직격  년 내내 실체 없는  부정선거  유령과 샅바싸움 하다가 ,Politics
23,이재명에 힘싣는 박 추 경선 연기 논의 변곡점 되나,Politics
24,이재명  여권  강 굳히자  외곽단체 앞세워 전국 세몰이,Politics
25,하태경  민심의 요구는 시대교체   의원 첫 대선 출마 선언,Politics
26,윤석열  이달 말 정치 출사표 고심   이준석 시간표와 상충 안 해 ,Politics
27,   올림픽 방일  놓고 또 꼬인 한일,Politics
28,이낙연 정세균  이번엔  DJ 정신  앞세워 호남 구애,Politics
29,이준석  월 마지노선  vs 윤석열  시간표 상충 안 해  뉘앙스 바뀐  밀당 ,Politics
30,경선연기론 고리  이재명 연대  구축   측  자멸의 길 ,Politics
31,추미애   검증대 오르면 지지율 빠져 출마 고민 길게 않겠다 ,Politics
32,중앙선관위 김세환 사무총장  대통령 출마 연령제한은 헌법으로 규정할 사안 아냐   세계초대석 ,Politics
33,한국정치  이준석 현상   찐보수에 목말랐다,Politics
34,여야 모두  대선 경선 일정  놓고 기싸움,Politics
35,윤석열   월말  정치 선언  검토중 캠프 사무실 꾸린다,Politics
36,백신 임상  상 발표 앞둔   큐어백  한국  협력 여지 많아 ,Politics
37, 찐보수 에 목말랐던 민심 이준석으로 뭉치다,Politics
38, 사사건건  이준석의 국민의힘  청년할당제 폐지  김용태  할당제 유지돼야 폐지 공약 토론할 것 ,Politics
39, 윤석열  이달 말 정치참여 선언 검토 월 마지노선  이준석과 대립각 자제,Politics
40, 사사건건  신경민  이준석 등장에 윤석열 가장 큰 타격 김영우  잘못하면 낙동강 오리알 ,Politics
41,유승민  이준석과 너무 엮지말라 공사 구분 확실 ,Politics
42, 월 경선은 국힘 일정 기득권 내려놓아야 합당 앞두고 신경전,Politics
43, 국민의힘으로 드루와 유승민   에 합류 손짓,Politics
44,하태경  검찰총장 직선제  정권 검찰 간 불화 근본적 해결 방안 다정회 핫라인,Politics
45, 수사 확대  나선 국방부  초기 변호인 피의자 전환 신상 유포자도 조사 종합 ,Politics
46,윤석열  이르면 이달말 정치참여선언 여의도에 공유오피스 검토 ,Politics
47,이광재  이재명 기본소득 전면실시 가능성  나도  세  실장 ,Politics
48,  이번 달 중 민심 청취  이후 정치 참여 선언할 듯,Politics
49,   국힘   감사원 의뢰쇼  하더니 권익위 요청서 달랑  장 종합 ,Politics
50,이광재  소득주도성장  점 방향 맞는데 속도조절 실패 ,Politics
51,김주하 AI가 전하는  월  일 종합뉴스 예고,Politics
52,  종부세 수정안 검토 상위    억 초과분에 과세 종합 ,Politics
53,이재명  선언  평화의 첫 물결 한사람이 역사 바꿔 ,Politics
54, 김원웅 광복회장 모친 유공자 사칭  광복회 개혁모임 의혹제기,Politics
55,윤석열 측   대선 버스 탑승  시사 친이준석  잠룡들도 속속 채비,Politics
56,송영길 내일 대표연설 데뷔 이준석 태풍 맞설 쇄신책 내놓나,Politics
57, 단독  생계형 구분 없이  아파트 임대사업자  신규 등록 허용 검토,Politics
58, 문재인 정부의 대북 통일정책은 실패했다 ,Politics
59,이재명  흥행  묘기로 약 팔던 시대 끝나 도  원칙 중요 ,Politics
0,에이리츠 올해만   상승  인플레시대엔 리츠가 대세  스무살 리츠 날개 편다 ,Economic
1,BTS 효과 하이브  시총  조,Economic
2, 밸류체인 변화  혁신기업이 뛴다  차세대 원자로 SMR 쥐고   K원전  수출 잭팟 노린다,Economic
3, 월 DSR 대비하라  대출 옥죄기 나선 은행권,Economic
4,삼성   갤Z폴드   월 조기 출시 만원 싸게 내놓는다 종합 ,Economic
5, 금리 인상 필요  매파 본색 드러낸 한은  이주열만 그런 게 아니었다,Economic
6,제철 농산물 수확 한창 농가는 인력난 등  삼중고 ,Economic
7, 파전  이스타항공 인수전  새 주인이 넘어야 할 산은 ,Economic
8,우드맥킨지  한국 전력계획상  년 전기요금   상승 종합 ,Economic
9,재개발 기대감에 빌라 인기 매수 신중해야 ,Economic
10,커머스 다시 품는 카카오 네이버 쿠팡에 도전장,Economic
11,택배 파업에 배송차질  일부지역 신선식품은 접수 안받기도,Economic
12,크래프톤  중복청약 막차 탄다 기업가치 최대  조원,Economic
13, 건물 붕괴참사  개입의혹 조폭출신 전  단체 회장 해외도피 종합 ,Economic
14, 일시적 인플레 가능성에 무게 연준서  월 FOMC 이후 MBS 매입축소 등 양적완화 축소 거론될 것   자이앤트TV ,Economic
15,종부세 양도세 완화 없던 일 되나 급격히 싸늘해진 더불어민주당  당심 ,Economic
16,매파색 짙어진 금통위 금리인상 빨라지나,Economic
17,DSR 규제 앞두고 대출 문턱 높이는 은행들 금융당국  대출  가수요  관리,Economic
18, 영상 수요 폭발 한 주거용 오피스텔  잘 모르면 세금 폭탄 맞는다 ,Economic
19, 빚투  이자비용 상승 대비 안전벨트 매라  강력 경고,Economic
20,사상 첫  대 지주  중간 배당  움직임  금융주 담아볼까,Economic
21,블룸버그 평가  집값 거품   위는 뉴질랜드 한국은 ,Economic
22, 단숨에  만원 날렸다 잡코인 솎아내기 에 투자자 멘붕,Economic
23,벤츠   시동결함 차량의 무상수리 결정 리콜은 검토 안 해 ,Economic
24,늘어나는 코로나  백신 접종에 희비 갈린 바이오 IPO 대어,Economic
25,코스피 이틀 연속 최고치 경신 카카오 시총  위 등극,Economic
26,반도체 보릿고개에 차 생산중단 속출 출고 대란  몸살 ,Economic
27, 복덕방기자들 신용대출 받아 집 사면 회수 이것  조심해야,Economic
28, 일부터 공모주 중복 청약 금지 주 받을 확률 높아진다,Economic
29, GTX 인덕원 기대에 호가 쑥 억 못넘을 이유 없죠 ,Economic
30,수도권 사적모임 일단  명까지 백신  차 접종  만명 돌파,Economic
31,노노 갈등 깊어지는데  건보공단 이사장 무기한 단식 왜 ,Economic
32, 단독  삼성증권이 쏘아올린 IRP 수수료  원  전쟁 은행권 가입자  반토막 ,Economic
33,출시 석달만에  천억 몰린 중개형 ISA 실익은  그닥  왜 ,Economic
34,직방의  한방 안전보장  투명거래로  허 를 찌르다,Economic
35, 억 로또  원베일리 역대급 청약경쟁 예고,Economic
36,아파트 이름에  OO역  붙이니  순위 청약 마감률  쑥 ,Economic
37,김치 넣은 K 푸드 세계인 입맛 공략,Economic
38,중복청약 막차 탄 크래프톤 역대 최고 공모가 기대도 ,Economic
39,SK에너지  직영주유소  곳 매각 억 현금화,Economic
40, 대책없는 개발 즉각 중단하라   기 신도시 원주민들도 반발,Economic
41, 만가구 전기료  원 올라 물가 걱정  정부  제동 걸까  월부터 전기요금 할인 축소 ,Economic
42,에이리츠 올해만   상승  인플레시대엔 리츠가 대세  스무살 리츠 날개 편다 ,Economic
43,진격의 카카오  시총  조  빅  등극  네이버보다 몸집 커졌다,Economic
44,크래프톤   중복청약 막차  탄다 역대 최대 증거금 넘어설까,Economic
45,HMM 매각설에 위축되는 해양진흥공사,Economic
46,사회적합의 재개 분류 배제시점 임금보전 막판조율,Economic
47,  작전 하듯 반도체 배터리 두뇌 빼가  전세계   테크인력  쟁탈전,Economic
48, 영상  오세훈 노형욱 손 잡았다  알고 보니  동상이몽 ,Economic
49,쌍용차  첫 전기차 생산 시작  신차 개발도 재점화,Economic
50,철광석 t당  달러 다시 돌파  철강재 가격 추가 인상 예고,Economic
51,신차 효과  톡톡  국산차는 현대차 기아 독무대,Economic
52, CEO워치 물러나는 박찬구  확 바뀌는 금호석화,Economic
53,창호가격  월부터   올라  건자재값 줄인상 도화선 되나,Economic
54,글로벌 인재전쟁  한국이 안 보인다,Economic
55, 상경투쟁  택배노조  명 몰렸다 오뚜기 GS  등 발동동,Economic
56, 반도체 쇼티지  여파  현대차 기아  생산차질  만대 넘었다,Economic
57,권혁홍 대양그룹 회장 골판지 외길 로  년 장수기업 일구다,Economic
0,코로나 상황에서 해외도피  문흥식  치밀한 사전 준비 했나,Social
1,이준석 TV고정 섭외 취소 결정에 한겨레 구성원들은,Social
2, 택배노사 상당 부분 합의 과로사 대책  차 사회적 합의 임박,Social
3,포항MBC   후배 괴롭힘 비방 댓글  기자 해고,Social
4, 차 사회적 합의  둘러싸고 택배기사  천 명 상경 투쟁,Social
5, 단독  눈뼈 부러지도록 버스기사 폭행 잡고 보니 수배자,Social
6,영업 완화에 상권 기지개   백신 활력  찾는 일상,Social
7,더불어민주당 송영길 대표  파격적인 개혁 드라이브 ,Social
8,닭장 헤집는 맹수화 된 유기견들 마냥 보호만 해야하나 ,Social
9, 직고용  VS  불공정  이사장 단식도 풀지 못한 건보공단 갈등,Social
10, 비디오머그  브레이킹 국내 일인자 홍텐과 루키가  년을 기대하는 이유,Social
11,LH 사태에 발 묶인 대전교도소 이전 추진  지지부진 ,Social
12,   위안부 손배청구권 있어    한국내 재산 공개를 ,Social
13,농민들이 직접  가짜 농부  잡아낸다,Social
14, 한국형 모더나 키운다   K 바이오 랩허브  유치전 가열,Social
15, 개처럼 멍멍 짖어라  경비원에 갑질한  대 입주민,Social
16, 오피스텔 감금 살인   대  명 구속 영양실조에 폭행까지,Social
17,여의도에 모인 택배기사  천명  분류작업  택배사가 책임져라 ,Social
18,대전서  마블 영화 특수영상  만들게 될까,Social
19,법원   정부 재산목록 제출하라 위안부  피해자 강제집행 적법 ,Social
20,울산  명 신규 확진 감염자 집단 연쇄감염  명 포함 종합 보 ,Social
21,이재명  김대중의 위대한 발걸음  뜨거웠던 마음 잊지 않겠다 ,Social
22,수면내시경 검사 뒤 운전 약물운전 면허 취소  논란,Social
23,북구청 신청사 이전 문제  산 넘어 산 ,Social
24, 얘 왜 데려왔냐  지인 성관계 불발되자 여친에 화풀이 폭행한  대 ,Social
25,공수처  문홍성 검사장 입건   과  중복수사  우려,Social
26, 월급 vs 시급 최저임금액 결정단위 두고 평행선 달린 노사,Social
27, 여기는 원주  평창 주민 반발 격화 모든 경기 거부하겠다 ,Social
28, 친구 감금 살인 혐의   대  명 구속,Social
29,거푸집 넘어져 하청노동자 숨져 차 고정 부실 ,Social
30,굴착기 기사 현장책임자 등  명 영장 국토부  공공 철거 중단 ,Social
31,층수 면적 다른데 같은 해체 계획   광주 와 닮은꼴,Social
32,시장 친분 업체들  취임 직후 설립해 대거 수주,Social
33,갑질 피해 경비노동자  그저 당하기만 동대표들도 가해자 무서워해 영끌 인터뷰,Social
34, 수녀원 앞에서 울음소리가 나요 버려진 갓난아기 발견,Social
35,대전 학원발 집단감염 수강생 등  명 확진 서산 모든 학교 비대면 수업,Social
36,농민들이 직접  가짜 농부  잡아낸다,Social
37, 극단 선택  청주 여중생 성범죄 피의자 엄벌 촉구 국민청원 동의  만 넘어,Social
38, 광주 붕괴사고  추가 압수수색 명 영장 신청,Social
39,비수도권  인 이상 금지   월에 풀린다,Social
40, SNS핫피플  노숙자에게 옷 신발 건넨  대학생 필요한 사람에게   ,Social
41, 월부터  인 미만 기업도  시간 준비 상황은 ,Social
42,관중   허용한 잠실 야구장 모습은 새 거리두기는  일 발표,Social
43,박범계   조직 개편안 금주 마무리 김오수 만날 것 ,Social
44, 돌 보관 하려고 공유지  천  훼손,Social
45,코로나 시국에 피감기관과 술자리 가진 농협중앙회  물의 ,Social
46,아파트 공사장 옆 학교 건물에 금  쩍쩍 학생 대피,Social
47,과거 태권도 유망주  후배 상습폭행 년 만에 죗값 치른다,Social
48, 헤어진 여친 성폭행 촬영물 유포 협박   세 남성 실형 구형,Social
49, 대 때  세 소녀 성폭행 불법촬영 협박 대 남성 징역 년,Social
50, 철거건물 붕괴 참사  굴착기 기사 등  명 구속영장 종합 보 ,Social
51,여고생 극단적 선택 진상조사 전교조   경쟁교육이 부른 사회적 타살 ,Social
52, 업체 선정 및 하도급 불법 확인 경찰  광주 건물 붕괴 총  명 입건,Social
53,자동차산업연합회  생산차질 만회하려면  시간제 완화돼야 ,Social
54,화이자 대신 식염수 맞은   장병 명 재접종  이상반응 없어 ,Social
55,이틀연속 확진자  명대  접종 상반기 목표 달성,Social
56,그릴몬스터  레시피 몽땅 베꼈다  주장 원조 시비  법정 공방,Social
57,이재명  이준석  기득권 대변 국민의힘 기존 모습 ,Social
58,법원   김학의 불법출금  이규원 기소 적법 재판 계속하기로,Social
59,백신 접종률 전국 최고   블루 이코노미  전남 ,Social
0, 퇴근길 날씨  남부 동해안 내일까지 비 오락가락 더위 다시 이어져,Culture
1,벤츠   시동 불능  하이브리드 모델 무상수리 결정,Culture
2,비알콜성지방간 근감소증 함께 앓으면  사망위험  배 ,Culture
3,집안일 덜 하는 남편  돈 더 많이 번다   연구 ,Culture
4,영혼까지 갈아 넣는  분 시간 없는 사람을 위한 최적의 고효율 운동,Culture
5, 막걸리 빚기  국가무형문화재 됐다,Culture
6, 강석기의 과학카페  단백질 음료 마셔야할까 고민한다면,Culture
7, 기획  교회와 대북지원   국민적 공감대 확산 필요하다,Culture
8,세브란스  로봇수술  만례 달성 단일 의료기관 세계 최초,Culture
9,여성이 나이 들수록 코 많이 고는 이유는 ,Culture
10, 벼루 애호가  이근배 시인  벼루요  이중섭  황소 와도 안 바꿀래요 ,Culture
11,이준석   전 대통령에게 난 하나의 소모품  새삼 주목 끈 발언들,Culture
12, 코로나 고립 유사 입틀막 공포 탈출구는 ,Culture
13, CEO STORY   위기 닥쳐도 중단 없는 지속 가능 오케스트라  그 희망의 씨앗 심었죠 ,Culture
14,여순사건 특별법 제정  가시화 행안위 전체 회의 상정 종합 ,Culture
15, 기고   무대공포증 얼굴이 붉어지고 가슴이 두근거리는 이유는 ,Culture
16, 영화 살아야 우리도 산다 극장 IPTV   모가디슈  등에 혜택,Culture
17,자동차   주  시간 완화 하이브리드  세제지원 연장 필요 ,Culture
18,김용익 건보공단 이사장  파업 풀때까지 단식 이어갈 것 비정규직 제로  뒤늦은 한탄,Culture
19,김용익 건보공단 이사장  파업 풀때까지 단식 이어갈 것 비정규직 제로  뒤늦은 한탄,Culture
20, 년 된 씨앗의 싹을 보고 깨달았다  나도 아직 할일이 있다고  Guideposts ,Culture
21,그랜저엔 차세대 블랙박스  C클래스엔 OLED 장착,Culture
22,내일 새벽까지 남부지방 제주도 비 낮 기온  도 내외,Culture
23, 대 민방위  년차 얀센 백신 맞아보니 하루 지나고 가벼운 몸살기만 ,Culture
24,국세청  연  억 매출 넷플릭스에  억대 세금 추징,Culture
25, 퇴근길 날씨  남부 동해안 내일까지 비 오락가락 더위 다시 이어져,Culture
26,수입상용차  국내 새모델 줄지어 출시 시장 경쟁 치열 ,Culture
27, 배 터지게  먹어도 배 안 터지는 이유 밝혀졌다,Culture
28,잇몸 통해 균 감염  심장병 환자  이 질환  주의,Culture
29,정부   이산화탄소 잡아내 활용  기술개발 박차 연간  억원 투자 ,Culture
30,코로나  백신 접종 간격 줄여도 문제없을까,Culture
31,벤츠 E클래스  시동 문제  원인 찾았다  전량 무상 수리 실시 결정,Culture
32,재활용 섬유 패션이 선택한 착한 길,Culture
33,이대로만 나온다면 쌍용차가 이 갈고 만든다는 신차,Culture
34,재규어랜드로버   디펜더  수소전기차 개발  올해 말 시험주행 투입,Culture
35, 나를 반평생 홀린 벼루  이게 바로 신의 작품  이근배 시인,Culture
36,반려동물 상속 내 새끼를 부탁해 ,Culture
37, 그는 서민 삶을  따뜻한 필치 로 풀었던 화가였다 ,Culture
38,고원 도시 위의 산양목장 vs 첩첩산중에 호젓한 양떼목장,Culture
39,주식상품권 타이어 롯데온에   있네,Culture
40,당뇨병 치료 신기술   완전인공췌장 시스템  국내 선보인다,Culture
41,쌍용차  전기차 신차로 승부수 추가 자구안도 고심,Culture
42,새로운 아이맥 아이맥의 세대교체,Culture
43,Clean Life 맑고 깨끗하게,Culture
44,시흥에서 만나는 이국 풍경 취향저격 여행지 여기가 어디야 ,Culture
45,경기장 공연장 입장 확대   치맥 떼창 도 가능해질까,Culture
46,현대차  에어택시 중요 성장 기회 년 상용화 추진 ,Culture
47, 홍종선의 명대사  이녁 소랑햄수다  인생에서 가장  빛나는 순간 ,Culture
48, 만원대 대형 세단 K  출격 시장 빈자리 채워 성공다짐 종합 ,Culture
49,고개숙인 전립선  한방 요도 세척으로 자신감 되찾는다,Culture
50, 전방 예측해 변속 서스페션 조절  기아  첨단 세단으로 거듭난  K  출시,Culture
51,슈퍼카 SUV 고급세단까지  뒷바퀴 돌려라   후륜 조향  경쟁,Culture
52, 와이파일   안 아플 줄 알았는데 전기장판까지 꺼냈다 ,Culture
53, 코로나엔 당뇨보다 위험  신장질환 피하려면   식탐 ,Culture
54,해명은 또  실수 능라도 이어 이번엔 G  기념사진 편집 논란,Culture
55,자율주행  사고는 누구 탓 운전자 제조사 배상보험책임 이전 ,Culture
56, 포르쉐  KTX보다도 빨라 신들의 슈퍼카  MC  언제 한국 오나,Culture
57,강준만  사회비평서  인물과 사상  복간,Culture
58,명상을 배우고 싶다면  이 자세부터 아셔야 합니다,Culture
0,두 딸 살해한 매정한  이유는  전 와이프 상처 주려고 ,World
1,결혼 반대한 아버지  용서 구하는 딸에게 총기 난사,World
2,앞차에 딱 붙어 슬쩍   번이나 요금소 부정 통과한   남성,World
3,첫 대면 바이든 푸틴  전략적 안정 중국견제 등 논의 전망,World
4,중국 정부  타이산 원전 방사능 누출 우려에  이상 없어  해명 종합 ,World
5,강에 빠진 여동생 구한  살   소년은 끝내 떠오르지 못했다,World
6,  전방위 파상공세에   반격 나섰다,World
7,탈북자 인권운동가   대학 세뇌교육  북한과 유사 ,World
8,무서운 부부 남편은 딸 성폭행 살해 아내는 경찰 속이려 생존 위장,World
9, 영상  결국 집까지 집어삼킨 멕시코 거대 싱크홀 지름만  m,World
10,미얀마 군부 포위작전에   생후  일  난민촌 아기 감기로 목숨 잃어,World
11,중국  나토에  우리는 방어적 중국위협론 과장 말라 종합 ,World
12, 탈북 유명인  박연미  채식 못해 힘들다는 미국인  자유 가치 몰라 ,World
13,월가 거물  금리인상 생각보다 빨라질것 ,World
14, 벗겨진 하의 쓰지 않은 콘돔  미궁 빠진  대   사망 원인 단서는 OO ,World
15,서방세계 중국 압박 직후인데    항모전단 남중국해 진입,World
16,커지는 미 인플레 우려 JP모건 CEO  현금 보유 늘렸다 ,World
17,푸틴  살인자 규정에 웃자 바이든  저도 웃지요 ,World
18,물에 빠진 동생 구한 미  살 소년 숨진 채 발견,World
19,월가 거물들  인플레에 베팅,World
20, 주인 혼자 보낼 수 없어요 구급차 따라 뛴 반려견,World
21, 대 도축업자  예뻐서 먹었다   식인  고백  뼛조각  개 발견돼 충격,World
22,NATO  은 국제질서에 대한 구조적 도전 함께 맞설 것 ,World
23, 영상  순식간에 땅속으로  푹 차 집어삼킨 싱크홀,World
24,멕시코  m  괴물 싱크홀  결국 집까지 삼켰다,World
25,자전거로 뒤쫓아와 흉기로 푹 대낮 뉴욕 한복판서 당했다  영상 ,World
26,아파트 복도서 소변 본 남자애 엄마는 안치우고 외면  공분 영상 ,World
27,OO 먹인 후 욕조로 다섯 자녀 살해한  대    전 남편 연인 때문 ,World
28, 뉴스큐   세상의 중심은 바로 나 G  정상회의 기념사진 속 비밀은 ,World
29,원전 방사능 유출 논란에  입단속 들어갔나,World
30,유럽 축구장 점령한  메이드 인 차이나  매체   브랜드 존재감 사라져 ,World
31,자전거 타고 쫓아와 칼로  푹  뉴욕서 아시아계 또 당했다,World
32,수위조절 나선 유럽 정상들  중국은 파트너   G  반중클럽 아냐 ,World
33, 북한도 이 정도론 안 미쳤다 탈북 유학생  대학 비판,World
34,멕시코 거대 싱크홀 집도 삼켰다 지름  m 깊이  m로 커져,World
35, Pick  말년에 찾은 인생 취미 레이싱 게임 에 빠진  세 노인,World
36, 시민권 박탈 IS 신부  난 멍청한 아이였다 고향가고 싶어요 ,World
37, 언론  정계  이준석 효과로 세대교체 조짐 은 뒤쳐지나 ,World
38,대 중국 공동전선 성과 낸 바이든 해외순방 마지막 일전은 푸틴,World
39,블룸버그 평가 집값 거품 순위  위 뉴질랜드 한국은  위,World
40,억만장자 쥐꼬리 세금 비판에 머스크  마지막 남은 집 팔겠다 ,World
41, 국회  내각 불신임안  부결 스가  중의원 해산 보류,World
42,좌파든 우파든 스트롱맨들의 부패척결 약속은 말뿐 ,World
43, 여왕 앞에서 선글라스  무례하다 바이든에  뿔난  영국,World
44,   일 유인우주선 발사 우주정거장 건설 박차,World
45, 도쿄 정상회담  문턱 높이는    방일 가능성 열어놔   종합 ,World
46,전세계 투자자들  FOMC에  시선집중 테이퍼링  인플레이션 발언  주목 ,World
47,인육 먹은 멕시코 연쇄 살인범의 고백  예뻐서 자택서 뼛조각  개 나와,World
48,비트코인 큰손 업체  또 대거  빚투 만달러 넘어,World
49,  조지아서 또 총격 상점서  마스크 다툼  벌이다 점원 살해,World
50, 내년  분기 출시 갤럭시S  어떻게 나올까 ,World
51, 이혼한 전처에 고통주려고 범행 두 딸 살해한 아빠,World
52,강에 빠진 여동생 구하고 숨진    살 소년에  애도 물결 ,World
53,국제형사재판소 검사  두테르테  마약과의 전쟁  정식조사 요구 종합 ,World
54,  주변엔 정상들 모였는데   외톨이 스가  사진에   네티즌 시끌,World
55,  인플레 우려에 월가 투자전략 바뀐다 현금 쌓아뒀다 ,World
56,이스라엘도  아일랜드도 적과의 동침  연립정권 속출,World
57,  FOMC  대 관전포인트 테이퍼링과 인플레이션 신호,World
58, 감히 주인 돈을 만져 금전함 손대면 깨무는  다람쥐 경비원 영상 ,World
59,CNN 스타 아만푸어 암투병 공개 여자들  몸의 소리 들어야 ,World
0,로봇 의족 의수  현실이 되다 차세대 로봇 개발 속도,IT
1, 천억원대 자산가 반열  자취방 전전하다  부동산 중개 로 대박,IT
2,아이폰 신기능으로 불법 유해 사이트 접속된다,IT
3,협상 줄다리기  KT시즌도 CJ채널 아슬아슬,IT
4, 클라우드 임팩트   안랩  안전한 클라우드 사용  안랩이 대안 ,IT
5, 영상 목 안에서 튀어나온 입  에일리언 물고기 정체는 ,IT
6, EV 수소 밸류체인 SK에너지  주유소 매각해  억 확보 전기차 충전소에 재투자,IT
7, 한국에 유수한 제약사 많다 모더나 넘어   큐어백도 위탁생산하나,IT
8, 매물   D로 직접 보세요  부동산 중개 뛰어든  직방 사고 나면 전액보상도,IT
9, 네이버도 제쳤다 카카오  시총  조원  언택트 대장주  등극,IT
10, 게임 내 욕설 폭언 막는다 GSOK   이용자 커뮤니티 가이드  공개,IT
11,상폐의 시간  코인 투자자 벌벌,IT
12, 줌인 SW로 공간의 경험을 혁신하겠다 메타버스로 출근하는 직방,IT
13, ET   가짜 입주민 에 문 활짝   만 명 개인정보  위험 ,IT
14,CISO 겸직제한에 과태료 부과까지 과도하다  업계 반발,IT
15,휴대폰 사업 접는 LG 베스트샵에서 아이폰 판매 준비 중 ,IT
16,반도체 부족 여파 갤럭시S  FE 공개 미뤄지나,IT
17, 우리도 헬멧 규제 풀어달라  이준석  노헬멧 에 킥보드 반색,IT
18, 백신 생산기지 로   콕찍은 큐어백 K바이오  일낼까,IT
19,한국은  코로케이션 데이터센터  천국 자리 다툼 치열해진다,IT
20,정부  탄소중립 실현 위해 CCU 기술에 대규모 투자,IT
21,스마트워치시장 도전장 내민 페북  아이티라떼 ,IT
22,AI로 AI용 데이터 만들어 삼성전자 현대차 카카오 거래,IT
23, DD 퇴근길   더내라   못준다 콘텐츠 사용료 분쟁 점입가경,IT
24, 반도체 ICT분야  조원 투자 SKT 신설투자   배 키울 것 ,IT
25,주문 넘치는 DB하이텍  현대차와  차량용 반도체  협력 필요할까,IT
26, 년뒤 이산화탄소로 만든 제품 나온다,IT
27, 년만에 따블 네이버  지분투자 중국판우버 상장에 차익 기대,IT
28,국세청  넷플릭스  억 세금 추징 억 벌고 세금은  억 ,IT
29, D로 집 둘러보고 채광 체크 직방  비대면 부동산  실험,IT
30, 단독 마지막 LG폰  벨벳  프로   대  줍줍 임직원  만명 몰렸다,IT
31,부동산 중개 뛰어든  직방 밥그릇 뺏기 vs 기회 확대 ,IT
32,  고효율  양자점 태양전지  개발 성공,IT
33,직방  파격적인 온라인 부동산 서비스 개시  가상공간으로 아파트까지 매매,IT
34, 넘버스 이베이 인수 앞선 신세계  고개 드는  혈맹의 덫 ,IT
35, 게임 체인저 라던 셀트리온 코로나 치료제 건강보험 적용 심사  번째 퇴짜,IT
36, 메타버스  가상융합 경제 플랫폼으로 가야 정부 융합정책  필수 ,IT
37, 넘버스 조현준호  효성의 수소 사업 최대 난관 효성첨단소재 재무구조 ,IT
38,동물은 어떻게 과식을 억제할까 과잉 섭식행동 억제 신호 발견,IT
39, 월 최대  만원 수익 아이엠택시  정규직 드라이버  지니  모집,IT
40, 모토로라  올해 레이저 폴더블폰 출시 안 할 것 ,IT
41, 기고  한국  진단 강국  퀀텀점프 기회 잡으려면 ,IT
42,항암신약 개발 성과 CMG제약  R D중심 기업으로 도약 ,IT
43,다차원 가상세계  메타버스 가 열린다,IT
44, 유료방송 PP 콘텐츠 대가   일 협의체 가동 제도 개선 속도,IT
45,삼성전자 영국 보다폰  G 사업 수주 유럽  위 사업자에 장비 공급 쾌거,IT
46,시총  위 등극 카카오  콘텐트로  내수기업  꼬리표 떼나,IT
47, 벌새보다 작은 공룡  호박 속 실제 주인공 도마뱀 확실해져,IT
48,권명숙 인텔코리아 대표  기술의 인텔  IDM   전략 핵심은 속도와 유연성 ,IT
49, 단독 롯데 신세계그룹  전기차 충전사업 직접 한다,IT
50, 사이언스 브런치  시원한  얼음맛  전자담배가 청소년 흡연 부추긴다,IT
51,산기평  석유화학 신소재 공정 개발 박차 연내 세부기획 마무리,IT
52, OTT온에어  비상하는 OTT 발목잡힌 유료방송 코드커팅  임박 ,IT
53, 지도 움직이고 새로고침해야  잔여백신 예약꿀팁,IT
54,국내 최대 해운사 HMM  해킹 공격 받아 복구 중 ,IT
55,계단 척척 오르는 휠체어 사람 위한 로봇  기술 어디까지 왔나 ,IT
56, 구글 갑질 방지법  국회서 좌초 위기 김어준 출연료 논란이 발목,IT
57, OTT온에어  KT LGU  OTT 행정소송 월 첫 재판 열린다,IT
58, 순식간에  억원 허공에 잡코인  투자자의 비명,IT
